<mapconfig>
	<wads>
		<wad>halflife</wad>
		<wad>liquids</wad>
	</wads>
	
	<chapter name="Black Mesa Inbound" render="1">
		<offset x="0" y="0" z="0"/>
		<map name="c0a0" render="1"/>
		<map name="c0a0a" render="1"/>
		<map name="c0a0b" render="1"/>
		<map name="c0a0c" render="1"/>
		<map name="c0a0d" render="1"/>
		<map name="c0a0e" render="1"/>
	</chapter>
	
	<chapter name="Anomalous Materials" render="1">
		<map name="c1a0" render="1" />
		<map name="c1a0d" render="1" />
		<map name="c1a0a" render="1" />
		<map name="c1a0b" render="1" />
		<map name="c1a0e" render="1" />
	</chapter>
	
	<chapter name="Unforseen Concequences" render="1">
		<map name="c1a0c" render="1"/>
		<map name="c1a1" render="1"/>
		<map name="c1a1a" render="1"/>
		<map name="c1a1f" render="1"/>
		<map name="c1a1b" render="1">
			<offset targetname="c1a1b" x="0" y="-96" z="0" />
		</map>
		<map name="c1a1c" render="1"/>
		<map name="c1a1d" render="1"/>
	</chapter>
	
	<chapter name="Office Complex" render="1">
		<map name="c1a2" render="1"/>
		<map name="c1a2a" render="1"/>
		<map name="c1a2b" render="1"/>
		<map name="c1a2c" render="1"/>
		<map name="c1a2d" render="1"/>
	</chapter>

	<chapter name="We've Got Hostiles" render="1">
		<map name="c1a3" render="1"/>
		<map name="c1a3d" render="1"/>
		<map name="c1a3a" render="1"/>
		<map name="c1a3b" render="1"/>
		<map name="c1a3c" render="1"/>
	</chapter>

	<chapter name="Blast Pit" render="1">
		<map name="c1a4" render="1"/>
		<map name="c1a4k" render="1"/>
		<map name="c1a4b" render="1"/>
		<map name="c1a4d" render="1"/>
		<map name="c1a4f" render="1"/>
		<map name="c1a4i" render="1"/>
		<map name="c1a4g" render="1"/>
		<map name="c1a4j" render="1"/>
	</chapter>

	<chapter name="Power Up" render="1">
		<map name="c2a1" render="1"/>
		<map name="c2a1b" render="1"/>
		<map name="c2a1a" render="1"/>
	</chapter>

	<chapter name="On A Rail" render="1">
		<map name="c2a2" render="1"/>
		<map name="c2a2a" render="1"/>
		<map name="c2a2b1" render="1"/>
		<map name="c2a2b2" render="1"/>
		<map name="c2a2c" render="1"/>
		<map name="c2a2d" render="1"/>
		<map name="c2a2e" render="1"/>
		<map name="c2a2f" render="1"/>
		<map name="c2a2g" render="1"/>
		<map name="c2a2h" render="1"/>
	</chapter>

	<chapter name="Apprehension" render="1">
		<map name="c2a3" render="1"/>
		<map name="c2a3a" render="1"/>
		<map name="c2a3b" render="1"/>
		<map name="c2a3c" render="1"/>
		<map name="c2a3d" render="1"/>
		<map name="c2a3e" render="1"/>
	</chapter>

	<chapter name="Residue Processing" render="1">
		<map name="c2a4" render="1"/>
		<map name="c2a4a" render="1"/>
		<map name="c2a4b" render="1"/>
		<map name="c2a4c" render="1"/>
	</chapter>

	<chapter name="Questionable Ethics" render="1">
		<map name="c2a4d" render="1"/>
		<map name="c2a4e" render="1"/>
		<map name="c2a4f" render="1"/>
		<map name="c2a4g" render="1"/>
	</chapter>

	<chapter name="Surface Tension" render="1">
		<map name="c2a5" render="1"/>
		<map name="c2a5w" render="1"/>
		<map name="c2a5x" render="1"/>
		<map name="c2a5a" render="1"/>
		<map name="c2a5b" render="1"/>
		<map name="c2a5c" render="1"/>
		<map name="c2a5d" render="1"/>
		<map name="c2a5e" render="1"/>
		<map name="c2a5f" render="1"/>
		<map name="c2a5g" render="1"/>
	</chapter>

	<chapter name="Forget About Freeman" render="1">
		<map name="c3a1" render="1"/>
		<map name="c3a1a" render="1"/>
		<map name="c3a1b" render="1"/>
	</chapter>

	<chapter name="Lambda Core" render="1">
		<map name="c3a2e" render="1"/>
		<map name="c3a2" render="1"/>
		<map name="c3a2a" render="1"/>
		<map name="c3a2b" render="1"/>
		<map name="c3a2c" render="1"/>
		<map name="c3a2d" render="1"/>
		<map name="c3a2f" render="1"/>
	</chapter>

	<chapter name="Xen" render="1" />
	<chapter name="Gonarch's Lair" render="1" />
	<chapter name="Interloper" render="1" />
	<chapter name="Nihilanth" render="1" />
</mapconfig>
